russianfood.com,www.russianfood.com/,–†–µ—Ü–µ–ø—Ç—ã –∫—É–ª–∏–Ω–∞—Ä–Ω—ã—Ö –±–ª—é–¥ –æ—Ç RussianFood.com,740158,75
mail.ru,mail.ru/,–ü–æ—á—Ç–∞ Mail.Ru,7000387,77
hsdigital,www.hsdigital.ru/,Shkulev Media Holding,3667306,82
kommersant.ru,www.kommersant.ru/,&quot;–ö–æ–º–º–µ—Ä—Å–∞–Ω—Ç—ä&quot;. –ò–∑–¥–∞—Ç–µ–ª—å—Å–∫–∏–π –¥–æ–º,723678,90
bazr.ru,bazr.ru/,BAZR.ru - –°–º–æ—Ç—Ä–µ—Ç—å –±–µ—Å–ø–ª–∞—Ç–Ω–æ —Ä—É—Å—Å–∫–∏–µ —Å–µ—Ä–∏–∞–ª—ã,2934553,92
TASS_total,tass.ru,–¢–ê–°–° - –ù–æ–≤–æ—Å—Ç–∏ –≤ –†–æ—Å—Å–∏–∏ –∏ –º–∏—Ä–µ,647330,84
tsargradtv,tsargrad.tv/,–¢–µ–ª–µ–∫–∞–Ω–∞–ª &quot;–¶–∞—Ä—å–≥—Ä–∞–¥&quot; - –ü–µ—Ä–≤—ã–π –†—É—Å—Å–∫–∏–π,2759857,94
ren.tv,ren.tv/,–ù–æ–≤–æ—Å—Ç–∏ - –Ω–∞—à–µ –ø—Ä–∏–∑–≤–∞–Ω–∏–µ. –†–ï–ù –¢–í,601771,91
otvet.mail.ru,otvet.mail.ru/,–û—Ç–≤–µ—Ç—ã Mail.Ru,2752782,85
championat_com,championat.com,–ß–µ–º–ø–∏–æ–Ω–∞—Ç: –≤–µ–¥—É—â–∏–π —Å–∞–π—Ç –æ —Å–ø–æ—Ä—Ç–µ,573489,76
rutube.ru,www.rutube.ru/,Rutube - –ª—É—á—à–µ–µ –≤–∏–¥–µ–æ:),2684220,92
life.ru,life.ru/,LIFE.RU ‚Äî –ø–æ—Å–ª–µ–¥–Ω–∏–µ –Ω–æ–≤–æ—Å—Ç–∏ –†–æ—Å—Å–∏–∏ –∏ –º–∏—Ä–∞,568499,79
kp,kp.ru,–ö–æ–º—Å–æ–º–æ–ª—å—Å–∫–∞—è –ø—Ä–∞–≤–¥–∞-Digital,2524349,87
mail-my,my.mail.ru/,–ú–æ–π –ú–∏—Ä Mail.Ru,554531,78
hsdigital/rn/smi,mediakit.iportal.ru,–°–µ—Ç—å –≥–æ—Ä–æ–¥—Å–∫–∏—Ö –ø–æ—Ä—Ç–∞–ª–æ–≤ Shkulev Media Holding,2485592,88
Sport24,sport24.ru,Sport24,537633,71
RS_Total/Riaru_Total,ria.ru,–†–ò–ê –ù–æ–≤–æ—Å—Ç–∏: –≥–ª–∞–≤–Ω—ã–µ –Ω–æ–≤–æ—Å—Ç–∏ —á–∞—Å–∞,2377214,84
ukraina.ru,ukraina.ru/,ukraina.ru,496880,92
mic_izvestia,iz.ru,–ò–∑–≤–µ—Å—Ç–∏—è,2266814,87
fontanka.ru,fontanka.ru/,–§–æ–Ω—Ç–∞–Ω–∫–∞.–†—É - –Ω–æ–≤–æ—Å—Ç–∏ –ü–µ—Ç–µ—Ä–±—É—Ä–≥–∞,478108,86
RBCRU,www.rbc.ru,"–†–ë–ö - –†–æ—Å–ë–∏–∑–Ω–µ—Å–ö–æ–Ω—Å–∞–ª—Ç–∏–Ω–≥ - –Ω–æ–≤–æ—Å—Ç–∏, –∫—É—Ä—Å—ã –≤–∞–ª—é—Ç, –ø–æ–≥–æ–¥–∞",2071024,87
7days.ru,7days.ru/,"7–î–Ω–µ–π.—Ä—É - –í—Å—ë –æ –∑–≤–µ–∑–¥–∞—Ö! –ù–æ–≤–æ—Å—Ç–∏, –∏–Ω—Ç–µ—Ä–≤—å—é, —Ñ–æ—Ç–æ –∏ –≤–∏–¥–µ–æ –∑–≤–µ–∑–¥",468709,74
Lenta,lenta.ru,Lenta.Ru,2060404,86
irecommend.ru,irecommend.ru/,IRecommend - –æ—Ç–∑—ã–≤—ã –æ —Ç–æ–≤–∞—Ä–∞—Ö –∏ —É—Å–ª—É–≥–∞—Ö,468196,76
gazeta_all,www.gazeta.ru/,–ì–∞–∑–µ—Ç–∞.Ru: –ì–ª–∞–≤–Ω—ã–µ –Ω–æ–≤–æ—Å—Ç–∏ –∏ –ø–æ–¥—Ä–æ–±–Ω–æ—Å—Ç–∏ —Ç–µ–∫—É—â–∏—Ö —Å–æ–±—ã—Ç–∏–π,1892857,90
mk,www.mk.ru,–ú–û–°–ö–û–í–°–ö–ò–ô –ö–û–ú–°–û–ú–û–õ–ï–¶,1627618,90
1000.menu,1000.menu/,üçÖ –ö—É–ª–∏–Ω–∞—Ä–Ω—ã–µ —Ä–µ—Ü–µ–ø—Ç—ã üç∞ 1000.menu üçîü•ë,451288,74
AIF,www.aif.ru,"–ê—Ä–≥—É–º–µ–Ω—Ç—ã –∏ –§–∞–∫—Ç—ã //  –û–±—ä—è—Å–Ω—è–µ–º, —á—Ç–æ –ø—Ä–æ–∏—Å—Ö–æ–¥–∏—Ç",1402798,89
kino-teatr.ru,www.kino-teatr.ru/,"–ö–∏–Ω–æ-–¢–µ–∞—Ç—Ä.–†–£ - –∏–Ω—Ç–µ—Ä–≤—å—é, —Å—Ç–∞—Ç—å–∏, –ø—Ä–µ–º—å–µ—Ä—ã, –Ω–æ–≤–æ—Å—Ç–∏ –∫–∏–Ω–æ –∏ —Ç–µ–∞—Ç—Ä–∞",429197,70
news.ru,news.ru/,NEWS.ru ‚îÄ –ò–Ω—Ñ–æ—Ä–º–∞—Ü–∏–æ–Ω–Ω—ã–π –ø–æ—Ä—Ç–∞–ª,1399872,82
action,www.glavbukh.ru/,"&lt;–ê–∫—Ç–∏–æ–Ω-–ú–¶–§–≠–†&gt; ‚Äî –∏–∑–¥–∞–Ω–∏—è –¥–ª—è –¥–∏—Ä–µ–∫—Ç–æ—Ä–æ–≤, —Ä—É–∫–æ–≤–æ–¥–∏—Ç–µ–ª–µ–π, –≥–ª–∞–≤–±—É—Ö–æ–≤",424215,89
news.rambler.ru,news.rambler.ru/,–†–∞–º–±–ª–µ—Ä/–º–µ–¥–∏–∞ - –≥–ª–∞–≤–Ω—ã–µ –Ω–æ–≤–æ—Å—Ç–∏ –∏ c–æ–±—ã—Ç–∏—è –≤ –†–æ—Å—Å–∏–∏ –∏ –º–∏—Ä–µ,1308839,80
hsdigital/wn/starhit,starhit.ru,Starhit.ru - –ù–æ–≤–æ—Å—Ç–∏ —à–æ—É-–±–∏–∑–Ω–µ—Å–∞,417606,73
2gis,www.2gis.ru,–ö–∞—Ä—Ç–∞ –æ–Ω–ª–∞–π–Ω —Å–æ —Å–ø—Ä–∞–≤–æ—á–Ω–∏–∫–æ–º –æ—Ä–≥–∞–Ω–∏–∑–∞—Ü–∏–π ‚Äî 2–ì–ò–°,1259697,80
HeadHunter,hh.ru/,HeadHunter Group - Online Hiring Services,1209021,84
zr.ru,zr.ru/,–ñ—É—Ä–Ω–∞–ª &quot;–ó–∞ —Ä—É–ª–µ–º&quot;. –ê–≤—Ç–æ–º–æ–±–∏–ª–∏ –≤ –†–æ—Å—Å–∏–∏,415484,76
regnum,regnum.ru,–ò–ê –†–µ–≥–Ω—É–º,1137580,94
tverigrad.ru,tverigrad.ru/,Tverigrad.ru | –ì–ª–∞–≤–Ω—ã–π –∏–Ω—Ñ–æ—Ä–º–∞—Ü–∏–æ–Ω–Ω—ã–π –ø–æ—Ä—Ç–∞–ª –¢–≤–µ—Ä—Å–∫–æ–π –æ–±–ª–∞—Å—Ç–∏,410117,79
hsdigital/wn,hearst-shkulev-media.ru,Women's Network Shkulev Media Holding,1092712,71
1Mediainvest,1mediainvest.ru/,1MI - —Ñ–µ–¥–µ—Ä–∞–ª—å–Ω—ã–π –º–µ–¥–∏–∞—Ö–æ–ª–¥–∏–Ω–≥,1067362,89
rusprofile.ru,rusprofile.ru/,Rusprofile.ru - –±–µ—Å–ø–ª–∞—Ç–Ω–∞—è –ø—Ä–æ–≤–µ—Ä–∫–∞ –∫–æ–Ω—Ç—Ä–∞–≥–µ–Ω—Ç–∞,391221,92
ura.ru,ura.ru/,URA.Ru - –†–æ—Å—Å–∏–π—Å–∫–æ–µ –∏–Ω—Ñ–æ—Ä–º–∞—Ü–∏–æ–Ω–Ω–æ–µ –∞–≥–µ–Ω—Ç—Å—Ç–≤–æ,1042998,86
progorodsamara.ru,progorodsamara.ru/,–ü—Ä–æ–ì–æ—Ä–æ–¥ –°–∞–º–∞—Ä–∞ - –Ω–æ–≤–æ—Å—Ç–∏ C–∞–º–∞—Ä—ã,390948,82
NovostnoyAgregatorSMI2,smi2.ru,–ù–æ–≤–æ—Å—Ç–Ω–æ–π –∞–≥—Ä–µ–≥–∞—Ç–æ—Ä –°–ú–ò2,992869,83
sport-express.ru,sport-express.ru/,–°–ü–û–†–¢-–≠–ö–°–ü–†–ï–°–°,369275,75
RGRU,www.rg.ru,–†–æ—Å—Å–∏–π—Å–∫–∞—è –ì–∞–∑–µ—Ç–∞: –∏–∑–¥–∞–Ω–∏–µ –ü—Ä–∞–≤–∏—Ç–µ–ª—å—Å—Ç–≤–∞ –†–§,978532,91
360tv,360tv.ru,–¢–µ–ª–µ–∫–∞–Ω–∞–ª 360¬∞,349771,94
russian.rt.com,russian.rt.com/,RT –Ω–∞ —Ä—É—Å—Å–∫–æ–º,933306,89
hsdigital/rn/smi/66,e1.ru,–ï1.RU - –ï–∫–∞—Ç–µ—Ä–∏–Ω–±—É—Ä–≥ –æ–Ω–ª–∞–π–Ω. Shkulev Digital,348790,91
progorod,progorod43.ru,–°–µ—Ç—å –ø–æ—Ä—Ç–∞–ª–æ–≤ PRO –ì–æ—Ä–æ–¥,848616,82
5-tv.ru,5-tv.ru/,–ü—è—Ç—ã–π –∫–∞–Ω–∞–ª,344938,91
Sportbox,www.sportbox.ru,Sportbox.ru,777064,85
novorosinform.org,www.novorosinform.org/,–ò–Ω—Ñ–æ—Ä–º–∞—Ü–∏–æ–Ω–Ω–æ–µ –∞–≥–µ–Ω—Ç—Å—Ç–≤–æ ¬´–ù–æ–≤–æ—Ä–æ—Å—Å–∏—è¬ª,343965,94
hibiny.com,www.hibiny.com/,–•–∏–±–∏–Ω—ã.ru,760743,65
ntv.ru,www.ntv.ru/,"–ù–¢–í.ru - –ù–æ–≤–æ—Å—Ç–∏, –≤–∏–¥–µ–æ, –ø—Ä—è–º–æ–π —ç—Ñ–∏—Ä —Ç–µ–ª–µ–∫–∞–Ω–∞–ª–∞ –ù–¢–í",343304,84
gdz-raketa.ru,gdz-raketa.ru/,–ì–î–ó,744569,93
vedomosti.ru,vedomosti.ru/,–í–µ–¥–æ–º–æ—Å—Ç–∏ - –µ–∂–µ–¥–Ω–µ–≤–Ω–∞—è –¥–µ–ª–æ–≤–∞—è –≥–∞–∑–µ—Ç–∞,342779,74
woman.ru,www.woman.ru/,"Woman.ru - –∏–Ω—Ç–µ—Ä–Ω–µ—Ç –¥–ª—è –∂–µ–Ω—â–∏–Ω: –∑–≤–µ–∑–¥—ã, –º–æ–¥–∞, –∫—Ä–∞—Å–æ—Ç–∞, –º—ã –∏ –º—É–∂—á–∏–Ω—ã",324548,72
tk_m24,www.m24.ru/,–°–µ—Ç–µ–≤–æ–µ –∏–∑–¥–∞–Ω–∏–µ M24.ru,315065,77
osnmedia.ru,www.osnmedia.ru/,–û–±—â–µ—Å—Ç–≤–µ–Ω–Ω–∞—è –°–ª—É–∂–±–∞ –ù–æ–≤–æ—Å—Ç–µ–π,310553,92
